"Timestamp","В классе какой параллели вы учитесь?","Какими соц. сетями вы пользуетесь?","По шкале от 1 до 5, как сильно вы НЕ хотели бы делиться следующей информацией с какой либо компанией: [История поисков]","По шкале от 1 до 5, как сильно вы НЕ хотели бы делиться следующей информацией с какой либо компанией: [Личные сообщения]","По шкале от 1 до 5, как сильно вы НЕ хотели бы делиться следующей информацией с какой либо компанией: [Личные фотографии]","По шкале от 1 до 5, как сильно вы НЕ хотели бы делиться следующей информацией с какой либо компанией: [Имя]","По шкале от 1 до 5, как сильно вы НЕ хотели бы делиться следующей информацией с какой либо компанией: [Местоположение]","По шкале от 1 до 5, как сильно вы НЕ хотели бы делиться следующей информацией с какой либо компанией: [Номер телефона]","По шкале от 1 до 5, как сильно вы НЕ хотели бы делиться следующей информацией с какой либо компанией: [День рожденья]","По шкале от 1 до 5, как сильно вы НЕ хотели бы делиться следующей информацией с какой либо компанией: [Адрес почты]","По шкале от 1 до 5, как сильно вы НЕ хотели бы делиться следующей информацией с какой либо компанией: [Пол]","По шкале от 1 до 5, как сильно вы НЕ хотели бы делиться следующей информацией с какой либо компанией: [Записи голоса]","Как вы считаете, ваш пароль безопасен?","Делаете ли вы покупки в интернете. Если да, то как?"
"2019/04/01 8:07:31 am GMT","11","Youtube;ВКонтакте;WhatsApp;Instagram","1","3","2","5","5","1","5","5","5","5","Да","Самостоятельно"
"2019/04/01 8:08:59 am GMT","11","ВКонтакте;WhatsApp;Instagram;Telegram","3","3","3","1","3","3","1","1","1","3","Да","Самостоятельно"
"2019/04/01 8:09:10 am GMT","11","Youtube;ВКонтакте;WhatsApp","4","5","5","3","5","5","4","4","5","5","Да","Не делаю"
"2019/04/01 8:10:00 am GMT","11","Youtube;ВКонтакте;WhatsApp;Instagram","4","5","3","1","1","3","1","1","1","5","Да","С надзиранием старших"
"2019/04/01 8:10:13 am GMT","11","Youtube;ВКонтакте;Skype;WhatsApp;Instagram","1","4","2","5","1","3","5","5","1","1","Да","Самостоятельно"
"2019/04/01 8:10:24 am GMT","11","Youtube;WhatsApp","5","5","5","3","3","2","1","3","1","5","Да","Не делаю"
"2019/04/01 8:11:02 am GMT","11","Youtube;ВКонтакте;Skype;WhatsApp;Instagram","5","5","5","3","4","1","4","3","1","2","Да","Самостоятельно"
"2019/04/01 8:11:07 am GMT","11","Youtube;ВКонтакте;WhatsApp;Instagram","5","5","5","2","5","4","4","1","1","5","Да","Самостоятельно"
"2019/04/01 8:11:25 am GMT","11","Youtube;ВКонтакте;WhatsApp;Instagram","5","5","5","3","5","5","5","5","5","5","Да","Не делаю"
"2019/04/01 8:12:05 am GMT","11","Youtube;ВКонтакте;Facebook;Skype;WhatsApp;Instagram","4","4","4","1","4","3","1","5","1","4","Да","Самостоятельно"
"2019/04/01 8:12:29 am GMT","11","Youtube;ВКонтакте;WhatsApp;Viber;Instagram","4","4","1","5","4","4","4","4","4","4","Да","Самостоятельно"
"2019/04/01 9:42:03 am GMT","11","Youtube;ВКонтакте;Skype;WhatsApp;Instagram","5","5","5","3","4","1","4","3","1","2","Да","Самостоятельно"
"2019/04/01 9:44:29 am GMT","8","ВКонтакте;WhatsApp","1","5","5","1","5","5","1","5","1","5","Да","Не делаю"
"2019/04/01 9:44:41 am GMT","8","Youtube;ВКонтакте;WhatsApp","5","5","5","3","5","2","1","5","1","2","Да","Не делаю"
"2019/04/01 9:44:43 am GMT","8","Youtube;ВКонтакте;Skype;WhatsApp","1","3","1","5","1","1","5","5","5","3","Да","Самостоятельно"
"2019/04/01 9:44:59 am GMT","8","Youtube;ВКонтакте;WhatsApp;Instagram;Pinterest","5","5","5","5","4","5","1","2","1","5","Да","С надзиранием старших"
"2019/04/01 9:45:54 am GMT","8","Youtube;ВКонтакте;WhatsApp;Instagram","2","4","4","2","4","4","3","2","1","3","Да","С надзиранием старших"
"2019/04/01 9:46:04 am GMT","8","ВКонтакте;WhatsApp;Instagram","1","5","5","3","5","5","5","5","4","4","Да","Самостоятельно"
"2019/04/01 9:46:50 am GMT","8","Youtube;ВКонтакте;Skype;WhatsApp;Instagram","5","4","1","1","5","4","1","1","1","1","Нет","С надзиранием старших"
"2019/04/01 9:46:55 am GMT","8","Youtube","5","5","2","1","1","1","1","3","1","5","Да","Не делаю"
"2019/04/01 9:46:59 am GMT","8","Youtube;ВКонтакте;WhatsApp;Instagram","3","1","1","3","3","1","1","1","1","1","Да","Самостоятельно"
"2019/04/01 9:48:13 am GMT","11","Skype","1","1","1","1","1","1","1","1","1","1","Нет","Самостоятельно"
"2019/04/01 11:12:24 am GMT","9","Youtube;ВКонтакте;WhatsApp;Instagram","5","5","1","1","4","1","1","1","1","5","Да","Не делаю"
"2019/04/01 11:12:36 am GMT","9","Youtube;ВКонтакте;WhatsApp;Instagram","5","5","5","4","4","2","1","1","1","2","Да","Не делаю"
"2019/04/01 11:12:38 am GMT","9","Youtube;ВКонтакте;Facebook;WhatsApp;Instagram;tumblr","5","5","2","1","3","1","1","2","1","3","Да","Самостоятельно"
"2019/04/01 11:12:42 am GMT","9","Youtube;ВКонтакте;WhatsApp;Instagram","5","5","5","1","4","4","1","1","1","3","Да","Не делаю"
"2019/04/01 11:12:57 am GMT","9","Youtube;ВКонтакте;WhatsApp;Instagram","1","5","5","1","5","5","1","2","2","1","Не знаю","Самостоятельно"
"2019/04/01 11:13:44 am GMT","9","Youtube;ВКонтакте;WhatsApp","5","5","5","1","3","4","1","2","1","1","Да","Не делаю"
"2019/04/01 11:14:11 am GMT","9","Youtube;ВКонтакте;WhatsApp;Instagram","5","5","5","2","5","3","4","3","1","5","Да","Самостоятельно"
"2019/04/01 11:14:23 am GMT","9","ВКонтакте;WhatsApp;Instagram","5","5","5","1","5","5","2","3","1","5","Да","Самостоятельно"
"2019/04/02 6:05:45 am GMT","10","Youtube;ВКонтакте;WhatsApp;Instagram;telegram","1","5","5","2","5","4","3","1","1","5","Да","Самостоятельно"
"2019/04/02 6:09:24 am GMT","10","Youtube;ВКонтакте;Одноклассники;WhatsApp;Viber;Instagram","5","5","5","2","5","2","2","3","1","4","Нет","Самостоятельно"
"2019/04/02 6:12:56 am GMT","8","Youtube;ВКонтакте;WhatsApp","5","5","5","4","4","5","4","5","4","4","Нет","Самостоятельно"
"2019/04/02 6:16:25 am GMT","10","Youtube;ВКонтакте;WhatsApp;Instagram","2","4","3","1","1","5","1","1","1","2","Не знаю","Самостоятельно"
"2019/04/02 6:16:27 am GMT","9","Youtube;ВКонтакте;WhatsApp;Instagram","5","5","5","1","4","4","1","1","1","3","Да","Не делаю"
"2019/04/02 6:17:58 am GMT","10","ВКонтакте;WhatsApp;Instagram","4","4","5","1","4","5","3","4","1","4","Да","С надзиранием старших"
"2019/04/02 6:18:02 am GMT","10","Youtube;ВКонтакте;WhatsApp;Instagram","1","1","1","5","1","4","5","3","5","1","Да","Самостоятельно"
"2019/04/02 6:18:02 am GMT","10","ВКонтакте;WhatsApp;Instagram","1","1","1","1","1","1","1","1","1","1","Не знаю","Не делаю"
"2019/04/02 6:18:17 am GMT","10","Youtube;ВКонтакте;Facebook;WhatsApp;Instagram","2","5","3","1","3","3","3","2","1","3","Да","Самостоятельно"
"2019/04/02 6:18:31 am GMT","10","Youtube;ВКонтакте;Instagram","3","3","3","3","3","3","3","3","3","3","Да","Не делаю"
"2019/04/02 7:09:47 am GMT","10","Youtube;ВКонтакте;WhatsApp;Instagram;telegram","1","5","5","2","5","4","3","1","1","5","Да","Самостоятельно"
"2019/04/02 7:10:01 am GMT","10","Youtube;ВКонтакте;WhatsApp;Instagram","1","1","1","5","1","4","5","3","5","1","Да","Самостоятельно"
"2019/04/02 7:11:09 am GMT","10","ВКонтакте;WhatsApp;Instagram","4","4","5","1","4","5","3","4","1","4","Да","С надзиранием старших"
"2019/04/02 7:11:41 am GMT","8","Youtube;ВКонтакте;WhatsApp","5","5","5","4","4","5","4","5","4","4","Нет","Самостоятельно"
"2019/04/02 7:11:48 am GMT","9","Youtube;ВКонтакте;WhatsApp;Instagram","5","5","5","2","5","3","4","3","1","5","Да","Самостоятельно"
"2019/04/02 7:12:14 am GMT","10","ВКонтакте;WhatsApp;Instagram","1","1","1","1","1","1","1","1","1","1","Не знаю","Не делаю"
"2019/04/02 7:12:24 am GMT","8","Youtube;ВКонтакте;Viber;Instagram","5","5","3","1","5","2","2","4","1","1","Да","Не делаю"
"2019/04/02 7:12:24 am GMT","8","Youtube;ВКонтакте;WhatsApp;Instagram","4","1","3","5","3","4","5","4","5","4","Да","Не делаю"
"2019/04/02 7:12:26 am GMT","8","Youtube;ВКонтакте;Instagram","5","5","5","1","5","3","1","5","5","5","Да","Не делаю"
"2019/04/02 7:12:26 am GMT","8","Youtube;ВКонтакте;WhatsApp;Instagram","5","5","5","5","5","5","5","5","5","5","Нет","Самостоятельно"
"2019/04/02 7:12:38 am GMT","8","ВКонтакте","1","1","1","3","1","1","1","3","5","1","Да","Самостоятельно"
"2019/04/02 7:12:45 am GMT","8","vk","1","1","1","1","1","1","1","1","1","1","Не знаю","Не делаю"
"2019/04/02 7:13:16 am GMT","8","Youtube;ВКонтакте;WhatsApp;Instagram","1","1","2","1","2","4","1","1","1","3","Да","С надзиранием старших"
"2019/04/02 7:13:58 am GMT","8","Youtube;ВКонтакте;WhatsApp;Instagram;telegram","1","1","1","5","5","5","1","3","5","1","Да","Не делаю"
"2019/04/02 8:02:15 am GMT","8","Youtube;ВКонтакте;Instagram","5","5","5","1","5","3","1","5","5","5","Да","Не делаю"
"2019/04/02 8:03:55 am GMT","9","Youtube;ВКонтакте;WhatsApp;Instagram","2","5","4","2","5","4","1","2","1","5","Да","Не делаю"
"2019/04/02 8:05:57 am GMT","9","Youtube;ВКонтакте;Skype;WhatsApp","3","5","5","1","5","4","2","4","1","1","Да","Не делаю"
"2019/04/02 8:07:33 am GMT","9","ВКонтакте;WhatsApp","1","1","1","4","1","1","5","1","4","1","Не знаю","С надзиранием старших"
"2019/04/02 11:20:34 am GMT","8","Youtube;ВКонтакте;Viber;Instagram","5","5","3","1","5","2","2","4","1","1","Да","Не делаю"
"2019/04/02 11:21:31 am GMT","8","Youtube;ВКонтакте;WhatsApp;Viber;Instagram","5","5","5","5","5","5","5","5","5","5","Да","Не делаю"
"2019/04/02 11:21:39 am GMT","8","Youtube;ВКонтакте;WhatsApp;Instagram","5","5","5","5","5","5","5","5","5","5","Нет","Самостоятельно"
"2019/04/02 11:21:42 am GMT","8","vk","1","1","1","1","1","1","1","1","1","1","Не знаю","Не делаю"
"2019/04/02 11:21:46 am GMT","8","Youtube;ВКонтакте","1","1","1","2","2","2","1","2","2","1","Да","С надзиранием старших"
"2019/04/02 11:22:15 am GMT","8","Youtube;ВКонтакте;WhatsApp;Instagram","1","5","1","1","1","3","1","1","1","1","Да","Самостоятельно"
"2019/04/02 11:22:31 am GMT","8","Youtube;ВКонтакте;Facebook;Skype;WhatsApp;Instagram","5","5","4","1","5","4","1","3","1","5","Да","С надзиранием старших"
"2019/04/02 11:22:48 am GMT","8","Youtube;ВКонтакте;WhatsApp;Instagram","1","5","5","1","3","5","1","1","1","2","Да","Не делаю"
"2019/04/02 11:22:51 am GMT","8","Youtube;ВКонтакте;Facebook;WhatsApp;Instagram","1","1","1","4","1","1","3","2","4","1","Да","Самостоятельно"
"2019/04/02 11:22:53 am GMT","8","Youtube;WhatsApp","1","1","1","1","1","1","1","2","1","1","Не знаю","Не делаю"
"2019/04/02 11:23:06 am GMT","8","Youtube;ВКонтакте;WhatsApp;Instagram","1","1","1","1","1","1","1","1","5","1","Да","С надзиранием старших"
"2019/04/02 11:23:11 am GMT","8","Youtube;ВКонтакте;WhatsApp;Instagram","3","5","3","2","3","1","1","1","1","2","Да","Не делаю"
"2019/04/02 11:23:42 am GMT","8","Youtube;ВКонтакте","5","5","5","4","4","4","1","3","1","4","Да","Не делаю"
"2019/04/02 11:23:53 am GMT","8","Youtube;ВКонтакте;WhatsApp;Instagram;телеграм","1","1","4","1","4","4","4","3","1","2","Да","Самостоятельно"
"2019/04/02 11:24:12 am GMT","8","Youtube;ВКонтакте;WhatsApp;Instagram","2","2","3","5","3","4","5","4","5","4","Не знаю","Самостоятельно"
"2019/04/02 11:24:21 am GMT","8","Youtube;ВКонтакте;Facebook;WhatsApp;Viber;Instagram","3","4","2","3","2","2","5","2","1","3","Да","С надзиранием старших"
"2019/04/02 11:24:47 am GMT","8","Youtube;ВКонтакте;WhatsApp;Viber","3","3","1","1","2","2","1","2","1","2","Да","Не делаю"